    {
        "translation": [1.702161756, 0.08542031178, 1.289154301],
        "rotation": [0.9990120218, 0.01111609216, -0.04302804646, 
            -0.009866526871, 0.9995265, 0.02914493772, 
            0.04333165049, -0.02869160578, 0.9986486669],
        "focal": [2392.116989, 2404.199032],
        "xi": 0.3004836019,
        "image_size": [1920, 1208],
        "center_point": [975.6211835, 657.3133252]
    }